Team,Team_norm,TR_3P_Rate,TR_ORB_Pct,TR_TOV_PerPoss,Pulled_At_UTC
abl christian,abl christian,0.32899999999999996,0.27899999999999997,0.203,2026-03-09 12:14:44
air force,air force,0.419,0.19399999999999998,0.214,2026-03-09 12:14:44
akron,akron,0.45299999999999996,0.332,0.154,2026-03-09 12:14:44
alabama,alabama,0.539,0.298,0.129,2026-03-09 12:14:44
alabama aandm,alabama aandm,0.335,0.25,0.161,2026-03-09 12:14:44
alabama st,alabama st,0.38299999999999995,0.302,0.18100000000000002,2026-03-09 12:14:44
albany,albany,0.376,0.299,0.18,2026-03-09 12:14:44
alcorn st,alcorn st,0.33899999999999997,0.251,0.19399999999999998,2026-03-09 12:14:44
american,american,0.465,0.248,0.153,2026-03-09 12:14:44
app state,app state,0.45899999999999996,0.306,0.14800000000000002,2026-03-09 12:14:44
ar-pine bluff,ar-pine bluff,0.374,0.253,0.185,2026-03-09 12:14:44
arizona,arizona,0.26899999999999996,0.382,0.15,2026-03-09 12:14:44
arizona st,arizona st,0.38299999999999995,0.272,0.16,2026-03-09 12:14:44
arkansas,arkansas,0.33399999999999996,0.302,0.12,2026-03-09 12:14:44
arkansas st,arkansas st,0.449,0.377,0.19399999999999998,2026-03-09 12:14:44
army,army,0.5329999999999999,0.272,0.168,2026-03-09 12:14:44
auburn,auburn,0.38799999999999996,0.35600000000000004,0.14300000000000002,2026-03-09 12:14:44
austin peay,austin peay,0.38,0.278,0.151,2026-03-09 12:14:44
ball st,ball st,0.39399999999999996,0.24100000000000002,0.158,2026-03-09 12:14:44
baylor,baylor,0.392,0.35600000000000004,0.16,2026-03-09 12:14:44
bellarmine,bellarmine,0.41200000000000003,0.20800000000000002,0.152,2026-03-09 12:14:44
belmont,belmont,0.457,0.275,0.177,2026-03-09 12:14:44
bethune,bethune,0.301,0.281,0.188,2026-03-09 12:14:44
binghamton,binghamton,0.309,0.18100000000000002,0.183,2026-03-09 12:14:44
boise st,boise st,0.43200000000000005,0.317,0.166,2026-03-09 12:14:44
boston college,boston college,0.424,0.259,0.15,2026-03-09 12:14:44
boston u,boston u,0.442,0.258,0.175,2026-03-09 12:14:44
bowling green,bowling green,0.344,0.262,0.162,2026-03-09 12:14:44
bradley,bradley,0.40399999999999997,0.256,0.136,2026-03-09 12:14:44
brown,brown,0.363,0.264,0.19,2026-03-09 12:14:44
bryant,bryant,0.479,0.24600000000000002,0.19699999999999998,2026-03-09 12:14:44
bucknell,bucknell,0.42700000000000005,0.247,0.18600000000000003,2026-03-09 12:14:44
buffalo,buffalo,0.45299999999999996,0.261,0.157,2026-03-09 12:14:44
butler,butler,0.353,0.32299999999999995,0.156,2026-03-09 12:14:44
byu,byu,0.402,0.321,0.146,2026-03-09 12:14:44
c arkansas,c arkansas,0.48700000000000004,0.262,0.15,2026-03-09 12:14:44
c connecticut,c connecticut,0.349,0.255,0.159,2026-03-09 12:14:44
c michigan,c michigan,0.34,0.278,0.17800000000000002,2026-03-09 12:14:44
cal baptist,cal baptist,0.319,0.364,0.177,2026-03-09 12:14:44
cal poly,cal poly,0.527,0.28,0.195,2026-03-09 12:14:44
california,california,0.42700000000000005,0.218,0.145,2026-03-09 12:14:44
campbell,campbell,0.369,0.309,0.16699999999999998,2026-03-09 12:14:44
canisius,canisius,0.395,0.26899999999999996,0.191,2026-03-09 12:14:44
charleston,charleston,0.381,0.278,0.153,2026-03-09 12:14:44
charleston so,charleston so,0.495,0.281,0.18,2026-03-09 12:14:44
charlotte,charlotte,0.446,0.314,0.177,2026-03-09 12:14:44
chattanooga,chattanooga,0.49200000000000005,0.201,0.141,2026-03-09 12:14:44
chicago st,chicago st,0.309,0.23800000000000002,0.151,2026-03-09 12:14:44
cincinnati,cincinnati,0.439,0.292,0.165,2026-03-09 12:14:44
clemson,clemson,0.429,0.267,0.145,2026-03-09 12:14:44
cleveland st,cleveland st,0.508,0.23600000000000002,0.174,2026-03-09 12:14:44
coastal car,coastal car,0.431,0.256,0.15,2026-03-09 12:14:44
colgate,colgate,0.35,0.244,0.14300000000000002,2026-03-09 12:14:44
colorado,colorado,0.349,0.27399999999999997,0.142,2026-03-09 12:14:44
colorado st,colorado st,0.486,0.282,0.182,2026-03-09 12:14:44
columbia,columbia,0.375,0.325,0.188,2026-03-09 12:14:44
coppin st,coppin st,0.35200000000000004,0.276,0.217,2026-03-09 12:14:44
cornell,cornell,0.515,0.276,0.158,2026-03-09 12:14:44
creighton,creighton,0.48,0.257,0.162,2026-03-09 12:14:44
cs bakersfield,cs bakersfield,0.289,0.284,0.183,2026-03-09 12:14:44
cs fullerton,cs fullerton,0.43200000000000005,0.21600000000000003,0.147,2026-03-09 12:14:44
cs northridge,cs northridge,0.331,0.29100000000000004,0.17300000000000001,2026-03-09 12:14:44
dartmouth,dartmouth,0.48700000000000004,0.21899999999999997,0.17300000000000001,2026-03-09 12:14:44
davidson,davidson,0.43700000000000006,0.272,0.158,2026-03-09 12:14:44
dayton,dayton,0.413,0.252,0.172,2026-03-09 12:14:44
delaware,delaware,0.462,0.183,0.179,2026-03-09 12:14:44
delaware st,delaware st,0.294,0.252,0.195,2026-03-09 12:14:44
denver,denver,0.386,0.287,0.14,2026-03-09 12:14:44
depaul,depaul,0.391,0.287,0.174,2026-03-09 12:14:44
detroit mercy,detroit mercy,0.314,0.316,0.157,2026-03-09 12:14:44
drake,drake,0.457,0.242,0.147,2026-03-09 12:14:44
drexel,drexel,0.4,0.295,0.185,2026-03-09 12:14:44
duke,duke,0.442,0.35700000000000004,0.151,2026-03-09 12:14:44
duquesne,duquesne,0.445,0.28300000000000003,0.17600000000000002,2026-03-09 12:14:44
e carolina,e carolina,0.311,0.302,0.166,2026-03-09 12:14:44
e illinois,e illinois,0.299,0.256,0.18100000000000002,2026-03-09 12:14:44
e kentucky,e kentucky,0.508,0.316,0.165,2026-03-09 12:14:44
e michigan,e michigan,0.318,0.254,0.17,2026-03-09 12:14:44
e tennessee st,e tennessee st,0.38,0.276,0.14800000000000002,2026-03-09 12:14:44
e texas aandm,e texas aandm,0.462,0.231,0.188,2026-03-09 12:14:44
e washington,e washington,0.34600000000000003,0.29100000000000004,0.175,2026-03-09 12:14:44
elon,elon,0.43200000000000005,0.314,0.156,2026-03-09 12:14:44
evansville,evansville,0.431,0.203,0.187,2026-03-09 12:14:44
f dickinson,f dickinson,0.452,0.292,0.17600000000000002,2026-03-09 12:14:44
fairfield,fairfield,0.354,0.34600000000000003,0.15,2026-03-09 12:14:44
fgcu,fgcu,0.384,0.28800000000000003,0.155,2026-03-09 12:14:44
florida,florida,0.374,0.429,0.157,2026-03-09 12:14:44
florida aandm,florida aandm,0.38,0.289,0.20800000000000002,2026-03-09 12:14:44
florida atlantic,florida atlantic,0.387,0.304,0.16899999999999998,2026-03-09 12:14:44
florida intl,florida intl,0.33,0.316,0.171,2026-03-09 12:14:44
florida st,florida st,0.507,0.298,0.151,2026-03-09 12:14:44
fordham,fordham,0.382,0.33899999999999997,0.16899999999999998,2026-03-09 12:14:44
fresno st,fresno st,0.408,0.255,0.177,2026-03-09 12:14:44
furman,furman,0.46299999999999997,0.294,0.174,2026-03-09 12:14:44
g washington,g washington,0.462,0.35100000000000003,0.17600000000000002,2026-03-09 12:14:44
gardner-webb,gardner-webb,0.39799999999999996,0.207,0.19399999999999998,2026-03-09 12:14:44
george mason,george mason,0.35200000000000004,0.28800000000000003,0.155,2026-03-09 12:14:44
georgetown,georgetown,0.35600000000000004,0.307,0.152,2026-03-09 12:14:44
georgia,georgia,0.435,0.32899999999999996,0.139,2026-03-09 12:14:44
georgia so,georgia so,0.48700000000000004,0.265,0.141,2026-03-09 12:14:44
georgia st,georgia st,0.424,0.248,0.155,2026-03-09 12:14:44
georgia tech,georgia tech,0.332,0.264,0.18100000000000002,2026-03-09 12:14:44
gonzaga,gonzaga,0.307,0.344,0.133,2026-03-09 12:14:44
grambling,grambling,0.38299999999999995,0.28600000000000003,0.209,2026-03-09 12:14:44
grand canyon,grand canyon,0.39,0.316,0.175,2026-03-09 12:14:44
green bay,green bay,0.373,0.226,0.156,2026-03-09 12:14:44
hampton,hampton,0.371,0.289,0.165,2026-03-09 12:14:44
harvard,harvard,0.39799999999999996,0.247,0.168,2026-03-09 12:14:44
hawaii,hawaii,0.39799999999999996,0.282,0.184,2026-03-09 12:14:44
high point,high point,0.429,0.307,0.127,2026-03-09 12:14:44
hofstra,hofstra,0.43200000000000005,0.32799999999999996,0.157,2026-03-09 12:14:44
holy cross,holy cross,0.373,0.192,0.15,2026-03-09 12:14:44
hou christian,hou christian,0.365,0.27399999999999997,0.184,2026-03-09 12:14:44
houston,houston,0.41600000000000004,0.342,0.12300000000000001,2026-03-09 12:14:44
howard,howard,0.34299999999999997,0.32799999999999996,0.192,2026-03-09 12:14:44
idaho,idaho,0.474,0.257,0.149,2026-03-09 12:14:44
idaho st,idaho st,0.419,0.316,0.16699999999999998,2026-03-09 12:14:44
illinois,illinois,0.509,0.389,0.131,2026-03-09 12:14:44
illinois chicago,illinois chicago,0.33,0.344,0.171,2026-03-09 12:14:44
illinois st,illinois st,0.424,0.273,0.165,2026-03-09 12:14:44
incarnate word,incarnate word,0.391,0.297,0.16699999999999998,2026-03-09 12:14:44
indiana,indiana,0.509,0.243,0.146,2026-03-09 12:14:44
indiana st,indiana st,0.452,0.228,0.191,2026-03-09 12:14:44
iona,iona,0.45899999999999996,0.24600000000000002,0.168,2026-03-09 12:14:44
iowa,iowa,0.414,0.28600000000000003,0.149,2026-03-09 12:14:44
iowa st,iowa st,0.387,0.332,0.14800000000000002,2026-03-09 12:14:44
iu indy,iu indy,0.42100000000000004,0.264,0.156,2026-03-09 12:14:44
j madison,j madison,0.425,0.287,0.16899999999999998,2026-03-09 12:14:44
jackson st,jackson st,0.43200000000000005,0.265,0.187,2026-03-09 12:14:44
jacksonville,jacksonville,0.374,0.302,0.16899999999999998,2026-03-09 12:14:44
jacksonville st,jacksonville st,0.38,0.281,0.16399999999999998,2026-03-09 12:14:44
kansas,kansas,0.35700000000000004,0.28,0.153,2026-03-09 12:14:44
kansas city,kansas city,0.368,0.245,0.17800000000000002,2026-03-09 12:14:44
kansas st,kansas st,0.41100000000000003,0.271,0.171,2026-03-09 12:14:44
kennesaw st,kennesaw st,0.43700000000000006,0.336,0.163,2026-03-09 12:14:44
kent st,kent st,0.456,0.341,0.18100000000000002,2026-03-09 12:14:44
kentucky,kentucky,0.39399999999999996,0.33399999999999996,0.15,2026-03-09 12:14:44
la salle,la salle,0.318,0.307,0.17800000000000002,2026-03-09 12:14:44
lafayette,lafayette,0.39799999999999996,0.233,0.15,2026-03-09 12:14:44
lamar,lamar,0.33899999999999997,0.342,0.17600000000000002,2026-03-09 12:14:44
le moyne,le moyne,0.408,0.22899999999999998,0.188,2026-03-09 12:14:44
lehigh,lehigh,0.38299999999999995,0.203,0.174,2026-03-09 12:14:44
liberty,liberty,0.486,0.156,0.135,2026-03-09 12:14:44
lindenwood,lindenwood,0.307,0.311,0.18100000000000002,2026-03-09 12:14:44
lipscomb,lipscomb,0.479,0.23800000000000002,0.157,2026-03-09 12:14:44
little rock,little rock,0.31,0.297,0.18,2026-03-09 12:14:44
liu,liu,0.293,0.34,0.188,2026-03-09 12:14:44
long beach st,long beach st,0.348,0.233,0.17600000000000002,2026-03-09 12:14:44
longwood,longwood,0.348,0.33899999999999997,0.187,2026-03-09 12:14:44
louisiana,louisiana,0.405,0.263,0.163,2026-03-09 12:14:44
louisiana tech,louisiana tech,0.335,0.35,0.183,2026-03-09 12:14:44
louisville,louisville,0.532,0.319,0.16,2026-03-09 12:14:44
loyola chi,loyola chi,0.47600000000000003,0.28300000000000003,0.192,2026-03-09 12:14:44
loyola md,loyola md,0.47200000000000003,0.256,0.151,2026-03-09 12:14:44
loyola mymt,loyola mymt,0.40399999999999997,0.245,0.171,2026-03-09 12:14:44
lsu,lsu,0.34600000000000003,0.32,0.154,2026-03-09 12:14:44
maine,maine,0.37,0.165,0.18600000000000003,2026-03-09 12:14:44
manhattan,manhattan,0.371,0.263,0.153,2026-03-09 12:14:44
marist,marist,0.34600000000000003,0.273,0.165,2026-03-09 12:14:44
marquette,marquette,0.41600000000000004,0.27,0.157,2026-03-09 12:14:44
marshall,marshall,0.44299999999999995,0.302,0.161,2026-03-09 12:14:44
maryland,maryland,0.46799999999999997,0.314,0.18,2026-03-09 12:14:44
maryland es,maryland es,0.33299999999999996,0.302,0.233,2026-03-09 12:14:44
mcneese,mcneese,0.354,0.337,0.138,2026-03-09 12:14:44
memphis,memphis,0.336,0.331,0.184,2026-03-09 12:14:44
mercer,mercer,0.392,0.309,0.147,2026-03-09 12:14:44
mercyhurst,mercyhurst,0.315,0.24100000000000002,0.14,2026-03-09 12:14:44
merrimack,merrimack,0.45799999999999996,0.228,0.146,2026-03-09 12:14:44
miami,miami,0.318,0.349,0.161,2026-03-09 12:14:44
miami oh,miami oh,0.442,0.23,0.142,2026-03-09 12:14:44
michigan,michigan,0.42200000000000004,0.35,0.16399999999999998,2026-03-09 12:14:44
michigan st,michigan st,0.364,0.37,0.16699999999999998,2026-03-09 12:14:44
middle tenn,middle tenn,0.45,0.278,0.165,2026-03-09 12:14:44
milwaukee,milwaukee,0.381,0.308,0.14800000000000002,2026-03-09 12:14:44
minnesota,minnesota,0.473,0.248,0.16,2026-03-09 12:14:44
miss valley st,miss valley st,0.302,0.23800000000000002,0.213,2026-03-09 12:14:44
mississippi,mississippi,0.363,0.264,0.138,2026-03-09 12:14:44
mississippi st,mississippi st,0.40299999999999997,0.28,0.158,2026-03-09 12:14:44
missouri,missouri,0.365,0.327,0.174,2026-03-09 12:14:44
missouri st,missouri st,0.41,0.284,0.16399999999999998,2026-03-09 12:14:44
monmouth,monmouth,0.34299999999999997,0.297,0.165,2026-03-09 12:14:44
montana,montana,0.415,0.183,0.193,2026-03-09 12:14:44
montana st,montana st,0.447,0.251,0.145,2026-03-09 12:14:44
morehead st,morehead st,0.305,0.34600000000000003,0.17600000000000002,2026-03-09 12:14:44
morgan st,morgan st,0.35200000000000004,0.26899999999999996,0.174,2026-03-09 12:14:44
mt state marys,mt state marys,0.426,0.317,0.22,2026-03-09 12:14:44
murray st,murray st,0.44799999999999995,0.32299999999999995,0.158,2026-03-09 12:14:44
n alabama,n alabama,0.337,0.28300000000000003,0.171,2026-03-09 12:14:44
n arizona,n arizona,0.36700000000000005,0.21899999999999997,0.157,2026-03-09 12:14:44
n colorado,n colorado,0.41700000000000004,0.24,0.155,2026-03-09 12:14:44
n dakota st,n dakota st,0.42700000000000005,0.32,0.153,2026-03-09 12:14:44
n florida,n florida,0.517,0.225,0.175,2026-03-09 12:14:44
n illinois,n illinois,0.45,0.275,0.213,2026-03-09 12:14:44
n iowa,n iowa,0.396,0.198,0.142,2026-03-09 12:14:44
n kentucky,n kentucky,0.452,0.304,0.158,2026-03-09 12:14:44
n texas,n texas,0.32299999999999995,0.32899999999999996,0.16699999999999998,2026-03-09 12:14:44
navy,navy,0.331,0.303,0.165,2026-03-09 12:14:44
nc aandt,nc aandt,0.327,0.294,0.18100000000000002,2026-03-09 12:14:44
nc asheville,nc asheville,0.336,0.282,0.17,2026-03-09 12:14:44
nc central,nc central,0.33899999999999997,0.261,0.17800000000000002,2026-03-09 12:14:44
nc greensboro,nc greensboro,0.402,0.254,0.146,2026-03-09 12:14:44
nc state,nc state,0.44,0.272,0.13,2026-03-09 12:14:44
nc wilmington,nc wilmington,0.389,0.345,0.146,2026-03-09 12:14:44
nebraska,nebraska,0.506,0.252,0.141,2026-03-09 12:14:44
nevada,nevada,0.325,0.306,0.14300000000000002,2026-03-09 12:14:44
new hampshire,new hampshire,0.431,0.237,0.162,2026-03-09 12:14:44
new haven,new haven,0.39799999999999996,0.192,0.17300000000000001,2026-03-09 12:14:44
new mexico,new mexico,0.424,0.28300000000000003,0.15,2026-03-09 12:14:44
new mexico st,new mexico st,0.392,0.312,0.14400000000000002,2026-03-09 12:14:44
new orleans,new orleans,0.336,0.33399999999999996,0.2,2026-03-09 12:14:44
niagara,niagara,0.405,0.21600000000000003,0.184,2026-03-09 12:14:44
nicholls,nicholls,0.441,0.26899999999999996,0.16899999999999998,2026-03-09 12:14:44
njit,njit,0.402,0.23600000000000002,0.166,2026-03-09 12:14:44
norfolk st,norfolk st,0.305,0.29100000000000004,0.18,2026-03-09 12:14:44
north carolina,north carolina,0.42,0.294,0.136,2026-03-09 12:14:44
north dakota,north dakota,0.406,0.258,0.138,2026-03-09 12:14:44
northeastern,northeastern,0.37799999999999995,0.251,0.16,2026-03-09 12:14:44
northwestern,northwestern,0.34299999999999997,0.253,0.127,2026-03-09 12:14:44
notre dame,notre dame,0.435,0.293,0.165,2026-03-09 12:14:44
nw state,nw state,0.33899999999999997,0.233,0.17800000000000002,2026-03-09 12:14:44
oakland,oakland,0.34,0.284,0.14300000000000002,2026-03-09 12:14:44
ohio,ohio,0.38,0.264,0.15,2026-03-09 12:14:44
ohio st,ohio st,0.39899999999999997,0.281,0.151,2026-03-09 12:14:44
oklahoma,oklahoma,0.44299999999999995,0.319,0.14300000000000002,2026-03-09 12:14:44
oklahoma st,oklahoma st,0.365,0.281,0.159,2026-03-09 12:14:44
old dominion,old dominion,0.36200000000000004,0.23,0.151,2026-03-09 12:14:44
omaha,omaha,0.409,0.226,0.157,2026-03-09 12:14:44
oral roberts,oral roberts,0.456,0.266,0.18100000000000002,2026-03-09 12:14:44
oregon,oregon,0.429,0.311,0.174,2026-03-09 12:14:44
oregon st,oregon st,0.442,0.247,0.17300000000000001,2026-03-09 12:14:44
pacific,pacific,0.353,0.32299999999999995,0.195,2026-03-09 12:14:44
penn,penn,0.348,0.29100000000000004,0.151,2026-03-09 12:14:44
penn st,penn st,0.382,0.23800000000000002,0.15,2026-03-09 12:14:44
pepperdine,pepperdine,0.392,0.259,0.179,2026-03-09 12:14:44
pittsburgh,pittsburgh,0.429,0.314,0.16899999999999998,2026-03-09 12:14:44
portland,portland,0.354,0.26,0.192,2026-03-09 12:14:44
portland st,portland st,0.342,0.268,0.168,2026-03-09 12:14:44
prairie view,prairie view,0.312,0.245,0.16,2026-03-09 12:14:44
presbyterian,presbyterian,0.28,0.315,0.188,2026-03-09 12:14:44
princeton,princeton,0.445,0.247,0.16699999999999998,2026-03-09 12:14:44
providence,providence,0.409,0.305,0.16399999999999998,2026-03-09 12:14:44
purdue,purdue,0.408,0.345,0.135,2026-03-09 12:14:44
purdue fw,purdue fw,0.45399999999999996,0.203,0.142,2026-03-09 12:14:44
queens,queens,0.46799999999999997,0.28600000000000003,0.145,2026-03-09 12:14:44
quinnipiac,quinnipiac,0.337,0.33,0.156,2026-03-09 12:14:44
radford,radford,0.45399999999999996,0.265,0.166,2026-03-09 12:14:44
rhode island,rhode island,0.433,0.29600000000000004,0.18600000000000003,2026-03-09 12:14:44
rice,rice,0.441,0.336,0.172,2026-03-09 12:14:44
richmond,richmond,0.42200000000000004,0.22899999999999998,0.142,2026-03-09 12:14:44
rider,rider,0.275,0.309,0.165,2026-03-09 12:14:44
robert morris,robert morris,0.40700000000000003,0.36700000000000005,0.18,2026-03-09 12:14:44
rutgers,rutgers,0.344,0.287,0.146,2026-03-09 12:14:44
s alabama,s alabama,0.366,0.22,0.128,2026-03-09 12:14:44
s carolina st,s carolina st,0.33299999999999996,0.29100000000000004,0.201,2026-03-09 12:14:44
s dakota st,s dakota st,0.38799999999999996,0.282,0.158,2026-03-09 12:14:44
s florida,s florida,0.441,0.358,0.147,2026-03-09 12:14:44
s illinois,s illinois,0.292,0.29600000000000004,0.166,2026-03-09 12:14:44
s indiana,s indiana,0.397,0.28600000000000003,0.166,2026-03-09 12:14:44
s utah,s utah,0.349,0.265,0.198,2026-03-09 12:14:44
sacramento st,sacramento st,0.35600000000000004,0.239,0.138,2026-03-09 12:14:44
sacred heart,sacred heart,0.507,0.266,0.17300000000000001,2026-03-09 12:14:44
saint josephs,saint josephs,0.45799999999999996,0.297,0.165,2026-03-09 12:14:44
saint louis,saint louis,0.447,0.299,0.16899999999999998,2026-03-09 12:14:44
saint marys,saint marys,0.36,0.365,0.161,2026-03-09 12:14:44
saint peters,saint peters,0.387,0.359,0.17300000000000001,2026-03-09 12:14:44
sam houston,sam houston,0.359,0.32299999999999995,0.162,2026-03-09 12:14:44
samford,samford,0.457,0.22399999999999998,0.131,2026-03-09 12:14:44
san diego,san diego,0.43700000000000006,0.259,0.172,2026-03-09 12:14:44
san diego st,san diego st,0.34,0.28,0.166,2026-03-09 12:14:44
san francisco,san francisco,0.461,0.298,0.153,2026-03-09 12:14:44
san jose st,san jose st,0.37799999999999995,0.275,0.149,2026-03-09 12:14:44
santa clara,santa clara,0.449,0.35200000000000004,0.156,2026-03-09 12:14:44
sc upstate,sc upstate,0.35600000000000004,0.26,0.177,2026-03-09 12:14:44
se louisiana,se louisiana,0.395,0.26899999999999996,0.18,2026-03-09 12:14:44
se missouri st,se missouri st,0.36,0.28300000000000003,0.166,2026-03-09 12:14:44
seattle,seattle,0.39,0.22899999999999998,0.166,2026-03-09 12:14:44
seton hall,seton hall,0.27,0.33799999999999997,0.16399999999999998,2026-03-09 12:14:44
sf austin,sf austin,0.39899999999999997,0.326,0.13699999999999998,2026-03-09 12:14:44
siena,siena,0.32,0.299,0.155,2026-03-09 12:14:44
siu edward,siu edward,0.36200000000000004,0.28,0.174,2026-03-09 12:14:44
smu,smu,0.353,0.324,0.154,2026-03-09 12:14:44
south carolina,south carolina,0.44299999999999995,0.24600000000000002,0.141,2026-03-09 12:14:44
south dakota,south dakota,0.359,0.262,0.162,2026-03-09 12:14:44
southern,southern,0.322,0.29,0.162,2026-03-09 12:14:44
southern miss,southern miss,0.287,0.308,0.18,2026-03-09 12:14:44
st bonaventure,st bonaventure,0.316,0.32299999999999995,0.165,2026-03-09 12:14:44
st francis pa,st francis pa,0.37799999999999995,0.249,0.18,2026-03-09 12:14:44
st johns,st johns,0.33899999999999997,0.33399999999999996,0.14300000000000002,2026-03-09 12:14:44
st thomas,st thomas,0.465,0.19899999999999998,0.135,2026-03-09 12:14:44
stanford,stanford,0.44299999999999995,0.302,0.151,2026-03-09 12:14:44
stetson,stetson,0.447,0.248,0.17800000000000002,2026-03-09 12:14:44
stonehill,stonehill,0.405,0.259,0.19,2026-03-09 12:14:44
stony brook,stony brook,0.45799999999999996,0.24600000000000002,0.163,2026-03-09 12:14:44
syracuse,syracuse,0.366,0.262,0.155,2026-03-09 12:14:44
tarleton st,tarleton st,0.243,0.28300000000000003,0.19699999999999998,2026-03-09 12:14:44
tcu,tcu,0.369,0.321,0.152,2026-03-09 12:14:44
temple,temple,0.365,0.262,0.132,2026-03-09 12:14:44
tenn tech,tenn tech,0.365,0.28600000000000003,0.187,2026-03-09 12:14:44
tennessee,tennessee,0.321,0.446,0.17,2026-03-09 12:14:44
tennessee st,tennessee st,0.307,0.32299999999999995,0.161,2026-03-09 12:14:44
texas,texas,0.361,0.34600000000000003,0.14800000000000002,2026-03-09 12:14:44
texas aandm,texas aandm,0.461,0.299,0.14300000000000002,2026-03-09 12:14:44
texas aandm-cc,texas aandm-cc,0.311,0.27899999999999997,0.183,2026-03-09 12:14:44
texas so,texas so,0.327,0.27,0.182,2026-03-09 12:14:44
texas st,texas st,0.24600000000000002,0.321,0.182,2026-03-09 12:14:44
texas tech,texas tech,0.479,0.32799999999999996,0.155,2026-03-09 12:14:44
the citadel,the citadel,0.478,0.26,0.159,2026-03-09 12:14:44
toledo,toledo,0.32299999999999995,0.278,0.142,2026-03-09 12:14:44
towson,towson,0.35200000000000004,0.34600000000000003,0.157,2026-03-09 12:14:44
troy,troy,0.45899999999999996,0.327,0.163,2026-03-09 12:14:44
tulane,tulane,0.441,0.18899999999999997,0.152,2026-03-09 12:14:44
tulsa,tulsa,0.461,0.295,0.147,2026-03-09 12:14:44
uab,uab,0.305,0.302,0.12300000000000001,2026-03-09 12:14:44
uc davis,uc davis,0.436,0.233,0.17600000000000002,2026-03-09 12:14:44
uc irvine,uc irvine,0.282,0.285,0.17300000000000001,2026-03-09 12:14:44
uc riverside,uc riverside,0.38299999999999995,0.258,0.18600000000000003,2026-03-09 12:14:44
ucf,ucf,0.345,0.33,0.155,2026-03-09 12:14:44
ucla,ucla,0.354,0.293,0.132,2026-03-09 12:14:44
uconn,uconn,0.4,0.33,0.16,2026-03-09 12:14:44
ucsb,ucsb,0.442,0.3,0.184,2026-03-09 12:14:44
ucsd,ucsd,0.42100000000000004,0.24100000000000002,0.159,2026-03-09 12:14:44
ul monroe,ul monroe,0.419,0.221,0.165,2026-03-09 12:14:44
umass,umass,0.359,0.306,0.175,2026-03-09 12:14:44
umass lowell,umass lowell,0.31,0.301,0.17600000000000002,2026-03-09 12:14:44
umbc,umbc,0.386,0.22399999999999998,0.14,2026-03-09 12:14:44
unlv,unlv,0.35600000000000004,0.299,0.162,2026-03-09 12:14:44
usc,usc,0.342,0.307,0.17,2026-03-09 12:14:44
ut arlington,ut arlington,0.314,0.33299999999999996,0.20600000000000002,2026-03-09 12:14:44
ut martin,ut martin,0.47100000000000003,0.35700000000000004,0.209,2026-03-09 12:14:44
ut rio grande,ut rio grande,0.434,0.263,0.175,2026-03-09 12:14:44
utah,utah,0.37799999999999995,0.265,0.16399999999999998,2026-03-09 12:14:44
utah st,utah st,0.414,0.315,0.151,2026-03-09 12:14:44
utah tech,utah tech,0.385,0.267,0.171,2026-03-09 12:14:44
utah valley,utah valley,0.32899999999999996,0.331,0.196,2026-03-09 12:14:44
utep,utep,0.40299999999999997,0.245,0.17,2026-03-09 12:14:44
utsa,utsa,0.413,0.272,0.17,2026-03-09 12:14:44
valparaiso,valparaiso,0.368,0.303,0.152,2026-03-09 12:14:44
vanderbilt,vanderbilt,0.439,0.289,0.132,2026-03-09 12:14:44
vcu,vcu,0.44299999999999995,0.322,0.151,2026-03-09 12:14:44
vermont,vermont,0.446,0.244,0.141,2026-03-09 12:14:44
villanova,villanova,0.456,0.303,0.149,2026-03-09 12:14:44
virginia,virginia,0.46799999999999997,0.373,0.155,2026-03-09 12:14:44
virginia tech,virginia tech,0.39899999999999997,0.301,0.146,2026-03-09 12:14:44
vmi,vmi,0.536,0.23399999999999999,0.149,2026-03-09 12:14:44
w carolina,w carolina,0.409,0.33299999999999996,0.16399999999999998,2026-03-09 12:14:44
w georgia,w georgia,0.33,0.293,0.154,2026-03-09 12:14:44
w illinois,w illinois,0.33299999999999996,0.244,0.172,2026-03-09 12:14:44
w kentucky,w kentucky,0.39299999999999996,0.295,0.139,2026-03-09 12:14:44
w michigan,w michigan,0.361,0.27699999999999997,0.16399999999999998,2026-03-09 12:14:44
wagner,wagner,0.36200000000000004,0.305,0.18100000000000002,2026-03-09 12:14:44
wake forest,wake forest,0.439,0.28300000000000003,0.151,2026-03-09 12:14:44
washington,washington,0.344,0.32799999999999996,0.151,2026-03-09 12:14:44
washington st,washington st,0.44799999999999995,0.272,0.18,2026-03-09 12:14:44
weber st,weber st,0.32799999999999996,0.301,0.154,2026-03-09 12:14:44
west virginia,west virginia,0.429,0.295,0.166,2026-03-09 12:14:44
wichita st,wichita st,0.33799999999999997,0.37799999999999995,0.14400000000000002,2026-03-09 12:14:44
william and mary,william and mary,0.428,0.239,0.162,2026-03-09 12:14:44
winthrop,winthrop,0.441,0.322,0.14300000000000002,2026-03-09 12:14:44
wisconsin,wisconsin,0.518,0.273,0.126,2026-03-09 12:14:44
wofford,wofford,0.431,0.282,0.131,2026-03-09 12:14:44
wright st,wright st,0.337,0.314,0.161,2026-03-09 12:14:44
wyoming,wyoming,0.435,0.32799999999999996,0.163,2026-03-09 12:14:44
xavier,xavier,0.40399999999999997,0.244,0.135,2026-03-09 12:14:44
yale,yale,0.359,0.306,0.139,2026-03-09 12:14:44
youngstown st,youngstown st,0.495,0.287,0.184,2026-03-09 12:14:44
